{"cameraMode":{"drawMode":0,"name":"Shaded","section":"Shading Mode"},"sceneLighting":false,"audioPlay":false,"sceneViewState":{"m_AlwaysRefresh":false,"showFog":true,"showSkybox":false,"showFlares":true,"showImageEffects":true,"showParticleSystems":true,"showVisualEffectGraphs":true,"m_FxEnabled":true},"in2DMode":false,"pivot":{"x":-0.046109676361083987,"y":4.442178726196289,"z":0.3902525305747986},"rotation":{"x":0.0893387719988823,"y":0.47728148102760317,"z":-0.04885246977210045,"w":0.8728318214416504},"size":5.927680969238281,"orthographic":false}