{"cameraMode":{"drawMode":0,"name":"Shaded","section":"Shading Mode"},"sceneLighting":false,"audioPlay":false,"sceneViewState":{"m_AlwaysRefresh":false,"showFog":true,"showSkybox":false,"showFlares":true,"showImageEffects":true,"showParticleSystems":true,"showVisualEffectGraphs":true,"m_FxEnabled":true},"in2DMode":false,"pivot":{"x":254.08966064453126,"y":15.191075325012207,"z":169.33436584472657},"rotation":{"x":0.24895764887332917,"y":-0.17462804913520814,"z":0.04568850249052048,"w":0.9515489935874939},"size":11.925186157226563,"orthographic":false}